{"cameraMode":{"drawMode":0,"name":"Shaded","section":"Shading Mode"},"sceneLighting":true,"audioPlay":false,"sceneViewState":{"showFog":true,"showMaterialUpdate":false,"showSkybox":true,"showFlares":true,"showImageEffects":true,"showParticleSystems":true},"in2DMode":false,"pivot":{"x":-36.90371322631836,"y":-2.2341010570526125,"z":-19.583465576171876},"rotation":{"x":-0.07484832406044007,"y":0.8819869756698608,"z":-0.14986470341682435,"w":-0.4404990077018738},"size":55.33554458618164,"orthographic":false}